run_id,graph,wall_time_s,user_time_s,sys_time_s,core,cgroup,note
1,graph-seq.bin,5.9900,NA,NA,2,manual,full_N30_taskset
1,graph-rand.bin,6.2300,NA,NA,2,manual,full_N30_taskset
2,graph-seq.bin,5.8100,NA,NA,2,manual,full_N30_taskset
2,graph-rand.bin,6.1500,NA,NA,2,manual,full_N30_taskset
3,graph-seq.bin,5.8200,NA,NA,2,manual,full_N30_taskset
3,graph-rand.bin,6.1100,NA,NA,2,manual,full_N30_taskset
4,graph-seq.bin,5.8200,NA,NA,2,manual,full_N30_taskset
4,graph-rand.bin,6.1200,NA,NA,2,manual,full_N30_taskset
5,graph-seq.bin,5.8100,NA,NA,2,manual,full_N30_taskset
5,graph-rand.bin,6.1300,NA,NA,2,manual,full_N30_taskset
6,graph-seq.bin,6.0000,NA,NA,2,manual,full_N30_taskset
6,graph-rand.bin,6.3600,NA,NA,2,manual,full_N30_taskset
7,graph-seq.bin,6.5300,NA,NA,2,manual,full_N30_taskset
7,graph-rand.bin,6.6800,NA,NA,2,manual,full_N30_taskset
8,graph-seq.bin,6.5600,NA,NA,2,manual,full_N30_taskset
8,graph-rand.bin,6.9200,NA,NA,2,manual,full_N30_taskset
9,graph-seq.bin,6.1800,NA,NA,2,manual,full_N30_taskset
9,graph-rand.bin,6.4600,NA,NA,2,manual,full_N30_taskset
10,graph-seq.bin,6.0900,NA,NA,2,manual,full_N30_taskset
10,graph-rand.bin,6.4000,NA,NA,2,manual,full_N30_taskset
11,graph-seq.bin,6.0500,NA,NA,2,manual,full_N30_taskset
11,graph-rand.bin,6.3800,NA,NA,2,manual,full_N30_taskset
12,graph-seq.bin,5.7300,NA,NA,2,manual,full_N30_taskset
12,graph-rand.bin,6.0500,NA,NA,2,manual,full_N30_taskset
13,graph-seq.bin,6.1100,NA,NA,2,manual,full_N30_taskset
13,graph-rand.bin,6.3900,NA,NA,2,manual,full_N30_taskset
14,graph-seq.bin,6.0800,NA,NA,2,manual,full_N30_taskset
14,graph-rand.bin,6.3600,NA,NA,2,manual,full_N30_taskset
15,graph-seq.bin,6.0700,NA,NA,2,manual,full_N30_taskset
15,graph-rand.bin,6.3500,NA,NA,2,manual,full_N30_taskset
16,graph-seq.bin,6.0600,NA,NA,2,manual,full_N30_taskset
16,graph-rand.bin,6.4000,NA,NA,2,manual,full_N30_taskset
17,graph-seq.bin,6.0500,NA,NA,2,manual,full_N30_taskset
17,graph-rand.bin,6.5800,NA,NA,2,manual,full_N30_taskset
18,graph-seq.bin,5.8400,NA,NA,2,manual,full_N30_taskset
18,graph-rand.bin,6.1900,NA,NA,2,manual,full_N30_taskset
19,graph-seq.bin,5.8500,NA,NA,2,manual,full_N30_taskset
19,graph-rand.bin,6.1900,NA,NA,2,manual,full_N30_taskset
20,graph-seq.bin,5.9200,NA,NA,2,manual,full_N30_taskset
20,graph-rand.bin,6.1700,NA,NA,2,manual,full_N30_taskset
21,graph-seq.bin,5.8500,NA,NA,2,manual,full_N30_taskset
21,graph-rand.bin,6.1400,NA,NA,2,manual,full_N30_taskset
22,graph-seq.bin,5.8400,NA,NA,2,manual,full_N30_taskset
22,graph-rand.bin,6.1700,NA,NA,2,manual,full_N30_taskset
23,graph-seq.bin,5.8100,NA,NA,2,manual,full_N30_taskset
23,graph-rand.bin,6.2400,NA,NA,2,manual,full_N30_taskset
24,graph-seq.bin,5.8600,NA,NA,2,manual,full_N30_taskset
24,graph-rand.bin,6.2300,NA,NA,2,manual,full_N30_taskset
25,graph-seq.bin,5.7800,NA,NA,2,manual,full_N30_taskset
25,graph-rand.bin,6.0500,NA,NA,2,manual,full_N30_taskset
26,graph-seq.bin,5.7900,NA,NA,2,manual,full_N30_taskset
26,graph-rand.bin,6.0700,NA,NA,2,manual,full_N30_taskset
27,graph-seq.bin,5.7600,NA,NA,2,manual,full_N30_taskset
27,graph-rand.bin,6.3600,NA,NA,2,manual,full_N30_taskset
28,graph-seq.bin,7.9900,NA,NA,2,manual,full_N30_taskset
28,graph-rand.bin,7.8100,NA,NA,2,manual,full_N30_taskset
29,graph-seq.bin,6.7000,NA,NA,2,manual,full_N30_taskset
29,graph-rand.bin,6.1300,NA,NA,2,manual,full_N30_taskset
30,graph-seq.bin,5.8100,NA,NA,2,manual,full_N30_taskset
30,graph-rand.bin,6.1000,NA,NA,2,manual,full_N30_taskset
