run_id,app,mode,graph,iter,wall_s,user_s,sys_s,cpu_pct,minflt,majflt,vol_ctx,invol_ctx,maxrss_kb,fs_in_blocks,fs_out_blocks
1,graph_traverse,cached,graph-seq.bin,10,2.86,0.79,2.04,98%,75,0,1,360,1568,0,0
1,graph_traverse,cached,graph-rand.bin,10,2.83,0.79,2.01,99%,75,0,1,233,1568,0,0
1,graph_traverse,no-cache,graph-seq.bin,1,12.18,0.31,1.92,18%,76,1,225270,58,1568,225334,0
1,graph_traverse,no-cache,graph-rand.bin,1,11.69,0.35,1.81,18%,76,1,225276,78,1568,225582,0
1,graph_traverse_mmap,cached,graph-seq.bin,200,4.90,4.75,0.05,97%,6475,0,2,581,6492,40,0
1,graph_traverse_mmap,cached,graph-rand.bin,200,4.93,4.76,0.06,97%,6477,0,1,641,6484,0,0
1,graph_traverse_mmap,no-cache,graph-seq.bin,200,5.02,4.65,0.19,96%,15994,1280,1284,609,6492,10544,0
1,graph_traverse_mmap,no-cache,graph-rand.bin,200,5.06,4.70,0.18,96%,15995,1280,1284,605,6492,10544,0
2,graph_traverse,cached,graph-seq.bin,10,2.82,0.82,1.98,99%,76,1,3,178,1568,48,0
2,graph_traverse,cached,graph-rand.bin,10,2.83,0.76,2.05,99%,74,0,1,175,1564,0,0
2,graph_traverse,no-cache,graph-seq.bin,1,11.49,0.33,1.82,18%,75,1,225280,14,1568,225590,0
2,graph_traverse,no-cache,graph-rand.bin,1,11.53,0.34,1.82,18%,76,1,225281,15,1568,225590,0
2,graph_traverse_mmap,cached,graph-seq.bin,200,4.86,4.70,0.06,97%,6475,0,2,550,6492,40,0
2,graph_traverse_mmap,cached,graph-rand.bin,200,4.82,4.65,0.06,97%,6476,0,1,588,6492,0,0
2,graph_traverse_mmap,no-cache,graph-seq.bin,200,4.96,4.58,0.20,96%,15995,1280,1284,583,6492,10544,0
2,graph_traverse_mmap,no-cache,graph-rand.bin,200,4.92,4.56,0.19,96%,15995,1280,1284,601,6492,10544,0
3,graph_traverse,cached,graph-seq.bin,10,2.80,0.74,2.03,99%,74,1,3,168,1568,48,0
3,graph_traverse,cached,graph-rand.bin,10,2.82,0.82,1.98,99%,76,0,1,186,1568,0,0
3,graph_traverse,no-cache,graph-seq.bin,1,11.80,0.35,1.79,18%,74,1,225282,6,1564,225590,0
3,graph_traverse,no-cache,graph-rand.bin,1,11.52,0.35,1.79,18%,74,1,225279,11,1568,225590,0
3,graph_traverse_mmap,cached,graph-seq.bin,200,4.83,4.65,0.07,97%,6475,0,2,580,6492,40,0
3,graph_traverse_mmap,cached,graph-rand.bin,200,4.83,4.66,0.06,97%,6475,0,1,578,6488,0,0
3,graph_traverse_mmap,no-cache,graph-seq.bin,200,5.08,4.71,0.18,96%,15996,1280,1284,623,6492,10544,0
3,graph_traverse_mmap,no-cache,graph-rand.bin,200,5.05,4.68,0.18,96%,15995,1280,1283,624,6492,10544,0
4,graph_traverse,cached,graph-seq.bin,10,2.81,0.76,2.02,99%,74,1,3,177,1568,48,0
4,graph_traverse,cached,graph-rand.bin,10,2.86,0.80,2.03,99%,76,0,1,185,1568,0,0
4,graph_traverse,no-cache,graph-seq.bin,1,11.54,0.31,1.82,18%,74,1,225280,12,1568,225590,0
4,graph_traverse,no-cache,graph-rand.bin,1,11.57,0.34,1.79,18%,74,1,225281,6,1568,225590,0
4,graph_traverse_mmap,cached,graph-seq.bin,200,4.91,4.74,0.06,97%,6475,0,2,585,6492,40,0
4,graph_traverse_mmap,cached,graph-rand.bin,200,4.75,4.57,0.07,97%,6475,0,1,562,6492,0,0
4,graph_traverse_mmap,no-cache,graph-seq.bin,200,5.07,4.70,0.19,96%,15994,1280,1284,605,6492,10544,0
4,graph_traverse_mmap,no-cache,graph-rand.bin,200,5.05,4.68,0.17,96%,15996,1280,1284,615,6492,10544,0
5,graph_traverse,cached,graph-seq.bin,10,2.88,0.80,2.06,99%,76,1,3,172,1564,48,0
5,graph_traverse,cached,graph-rand.bin,10,2.82,0.77,2.03,99%,76,0,1,174,1568,0,0
5,graph_traverse,no-cache,graph-seq.bin,1,11.48,0.34,1.79,18%,76,1,225281,6,1568,225590,0
5,graph_traverse,no-cache,graph-rand.bin,1,11.50,0.33,1.80,18%,74,1,225282,11,1568,225590,0
5,graph_traverse_mmap,cached,graph-seq.bin,200,4.90,4.73,0.05,97%,6476,0,2,572,6492,40,0
5,graph_traverse_mmap,cached,graph-rand.bin,200,4.84,4.69,0.05,97%,6475,0,1,573,6492,0,0
5,graph_traverse_mmap,no-cache,graph-seq.bin,200,5.00,4.64,0.18,96%,15997,1280,1283,590,6492,10544,0
5,graph_traverse_mmap,no-cache,graph-rand.bin,200,4.98,4.65,0.16,96%,15996,1280,1284,585,6492,10544,0
6,graph_traverse,cached,graph-seq.bin,10,2.82,0.78,2.02,99%,74,1,3,183,1568,48,0
6,graph_traverse,cached,graph-rand.bin,10,2.85,0.79,2.04,99%,76,0,1,173,1568,0,0
6,graph_traverse,no-cache,graph-seq.bin,1,11.50,0.35,1.78,18%,74,1,225281,14,1568,225590,0
6,graph_traverse,no-cache,graph-rand.bin,1,11.56,0.31,1.82,18%,75,1,225283,3,1568,225590,0
6,graph_traverse_mmap,cached,graph-seq.bin,200,4.92,4.74,0.07,97%,6476,0,2,578,6492,40,0
6,graph_traverse_mmap,cached,graph-rand.bin,200,4.78,4.61,0.06,97%,6474,0,1,549,6492,0,0
6,graph_traverse_mmap,no-cache,graph-seq.bin,200,5.03,4.68,0.17,96%,15994,1280,1284,597,6488,10544,0
6,graph_traverse_mmap,no-cache,graph-rand.bin,200,5.02,4.68,0.17,96%,15995,1280,1284,589,6492,10544,0
7,graph_traverse,cached,graph-seq.bin,10,2.81,0.76,2.02,99%,74,1,3,182,1568,48,0
7,graph_traverse,cached,graph-rand.bin,10,2.85,0.77,2.05,99%,75,0,1,179,1568,0,0
7,graph_traverse,no-cache,graph-seq.bin,1,11.50,0.34,1.79,18%,77,1,225282,10,1568,225590,0
7,graph_traverse,no-cache,graph-rand.bin,1,11.62,0.38,1.75,18%,75,1,225283,7,1564,225590,0
7,graph_traverse_mmap,cached,graph-seq.bin,200,4.81,4.65,0.05,97%,6474,0,2,581,6492,40,0
7,graph_traverse_mmap,cached,graph-rand.bin,200,4.88,4.71,0.07,97%,6477,0,1,575,6492,0,0
7,graph_traverse_mmap,no-cache,graph-seq.bin,200,5.13,4.77,0.17,96%,15996,1280,1284,647,6492,10544,0
7,graph_traverse_mmap,no-cache,graph-rand.bin,200,5.07,4.68,0.18,96%,15996,1280,1284,675,6492,10544,0
8,graph_traverse,cached,graph-seq.bin,10,2.91,0.78,2.10,99%,75,1,3,170,1568,48,0
8,graph_traverse,cached,graph-rand.bin,10,2.81,0.76,2.04,100%,75,0,1,33,1568,0,0
8,graph_traverse,no-cache,graph-seq.bin,1,11.48,0.30,1.83,18%,75,1,225283,1,1568,225590,0
8,graph_traverse,no-cache,graph-rand.bin,1,11.48,0.33,1.80,18%,75,1,225283,3,1568,225590,0
8,graph_traverse_mmap,cached,graph-seq.bin,200,4.61,4.55,0.05,99%,6475,0,2,36,6492,40,0
8,graph_traverse_mmap,cached,graph-rand.bin,200,4.50,4.44,0.05,99%,6476,0,1,32,6492,0,0
8,graph_traverse_mmap,no-cache,graph-seq.bin,200,4.71,4.49,0.16,98%,15994,1280,1284,31,6492,10544,0
8,graph_traverse_mmap,no-cache,graph-rand.bin,200,4.67,4.44,0.16,98%,15996,1280,1284,30,6492,10544,0
9,graph_traverse,cached,graph-seq.bin,10,2.77,0.74,2.03,99%,75,1,3,19,1568,48,0
9,graph_traverse,cached,graph-rand.bin,10,2.79,0.76,2.02,99%,75,0,1,21,1564,0,0
9,graph_traverse,no-cache,graph-seq.bin,1,11.47,0.33,1.80,18%,75,1,225283,1,1568,225590,0
9,graph_traverse,no-cache,graph-rand.bin,1,11.68,0.35,1.82,18%,75,1,225282,0,1568,225590,0
9,graph_traverse_mmap,cached,graph-seq.bin,200,5.71,5.64,0.06,99%,6476,0,2,50,6492,40,0
9,graph_traverse_mmap,cached,graph-rand.bin,200,4.82,4.76,0.06,99%,6474,0,1,48,6492,0,0
9,graph_traverse_mmap,no-cache,graph-seq.bin,200,4.81,4.59,0.16,98%,15996,1280,1284,47,6492,10544,0
9,graph_traverse_mmap,no-cache,graph-rand.bin,200,4.84,4.60,0.17,98%,15996,1280,1284,34,6492,10544,0
10,graph_traverse,cached,graph-seq.bin,10,2.84,0.84,2.00,99%,74,1,3,27,1568,48,0
10,graph_traverse,cached,graph-rand.bin,10,2.80,0.73,2.07,99%,75,0,1,21,1568,0,0
10,graph_traverse,no-cache,graph-seq.bin,1,11.49,0.31,1.83,18%,76,1,225283,2,1568,225590,0
10,graph_traverse,no-cache,graph-rand.bin,1,11.50,0.34,1.80,18%,76,1,225283,1,1568,225590,0
10,graph_traverse_mmap,cached,graph-seq.bin,200,4.62,4.56,0.06,99%,6474,0,2,31,6492,40,0
10,graph_traverse_mmap,cached,graph-rand.bin,200,4.62,4.56,0.06,99%,6476,0,1,27,6492,0,0
10,graph_traverse_mmap,no-cache,graph-seq.bin,200,4.88,4.63,0.17,98%,15996,1280,1284,49,6492,10544,0
10,graph_traverse_mmap,no-cache,graph-rand.bin,200,4.82,4.56,0.17,98%,15995,1280,1284,27,6492,10544,0
11,graph_traverse,cached,graph-seq.bin,10,2.76,0.76,2.00,99%,74,1,3,25,1568,48,0
11,graph_traverse,cached,graph-rand.bin,10,2.79,0.74,2.04,99%,74,0,1,26,1564,0,0
11,graph_traverse,no-cache,graph-seq.bin,1,11.40,0.31,1.82,18%,74,1,225282,1,1568,225590,0
11,graph_traverse,no-cache,graph-rand.bin,1,11.38,0.34,1.78,18%,75,1,225283,0,1568,225590,0
11,graph_traverse_mmap,cached,graph-seq.bin,200,4.69,4.62,0.06,99%,6475,0,2,28,6492,40,0
11,graph_traverse_mmap,cached,graph-rand.bin,200,4.58,4.51,0.06,99%,6476,0,1,32,6492,0,0
11,graph_traverse_mmap,no-cache,graph-seq.bin,200,4.83,4.57,0.19,98%,15996,1280,1284,32,6492,10544,0
11,graph_traverse_mmap,no-cache,graph-rand.bin,200,4.83,4.60,0.16,98%,15995,1280,1284,32,6492,10544,0
12,graph_traverse,cached,graph-seq.bin,10,2.74,0.77,1.97,100%,73,1,3,20,1568,48,0
12,graph_traverse,cached,graph-rand.bin,10,2.75,0.76,1.98,99%,75,0,1,21,1564,0,0
12,graph_traverse,no-cache,graph-seq.bin,1,11.42,0.35,1.78,18%,74,1,225283,0,1568,225590,0
12,graph_traverse,no-cache,graph-rand.bin,1,11.45,0.31,1.81,18%,74,1,225283,0,1568,225590,0
12,graph_traverse_mmap,cached,graph-seq.bin,200,4.66,4.58,0.07,99%,6476,0,2,26,6492,40,0
12,graph_traverse_mmap,cached,graph-rand.bin,200,4.59,4.53,0.06,99%,6476,0,1,27,6492,0,0
12,graph_traverse_mmap,no-cache,graph-seq.bin,200,4.77,4.54,0.16,98%,15995,1280,1284,38,6492,10544,0
12,graph_traverse_mmap,no-cache,graph-rand.bin,200,4.74,4.52,0.16,98%,15995,1280,1284,35,6492,10544,0
13,graph_traverse,cached,graph-seq.bin,10,2.75,0.79,1.95,99%,74,1,3,21,1568,48,0
13,graph_traverse,cached,graph-rand.bin,10,2.76,0.74,2.02,99%,74,0,1,24,1568,0,0
13,graph_traverse,no-cache,graph-seq.bin,1,11.61,0.36,1.79,18%,75,1,225283,0,1568,225590,0
13,graph_traverse,no-cache,graph-rand.bin,1,11.40,0.35,1.78,18%,75,1,225283,2,1568,225590,0
13,graph_traverse_mmap,cached,graph-seq.bin,200,4.65,4.58,0.06,99%,6475,0,2,34,6492,40,0
13,graph_traverse_mmap,cached,graph-rand.bin,200,4.62,4.56,0.06,99%,6476,0,1,50,6492,0,0
13,graph_traverse_mmap,no-cache,graph-seq.bin,200,4.87,4.64,0.17,98%,15995,1280,1284,50,6492,10544,0
13,graph_traverse_mmap,no-cache,graph-rand.bin,200,4.83,4.60,0.17,98%,15997,1280,1284,34,6488,10544,0
14,graph_traverse,cached,graph-seq.bin,10,2.81,0.75,2.05,99%,74,1,3,25,1568,48,0
14,graph_traverse,cached,graph-rand.bin,10,2.74,0.77,1.96,99%,75,0,1,21,1568,0,0
14,graph_traverse,no-cache,graph-seq.bin,1,11.51,0.34,1.80,18%,74,1,225283,0,1568,225590,0
14,graph_traverse,no-cache,graph-rand.bin,1,11.45,0.35,1.78,18%,76,1,225283,1,1568,225590,0
14,graph_traverse_mmap,cached,graph-seq.bin,200,4.64,4.58,0.06,99%,6475,0,2,32,6492,40,0
14,graph_traverse_mmap,cached,graph-rand.bin,200,4.67,4.60,0.06,99%,6475,0,1,31,6488,0,0
14,graph_traverse_mmap,no-cache,graph-seq.bin,200,4.85,4.63,0.15,98%,15994,1280,1284,55,6492,10544,0
14,graph_traverse_mmap,no-cache,graph-rand.bin,200,4.82,4.59,0.16,98%,15996,1280,1284,37,6492,10544,0
15,graph_traverse,cached,graph-seq.bin,10,2.76,0.78,1.97,99%,73,1,3,20,1568,48,0
15,graph_traverse,cached,graph-rand.bin,10,2.78,0.80,1.98,99%,77,0,1,24,1568,0,0
15,graph_traverse,no-cache,graph-seq.bin,1,11.42,0.33,1.80,18%,75,1,225283,2,1568,225590,0
15,graph_traverse,no-cache,graph-rand.bin,1,11.42,0.34,1.79,18%,76,1,225283,0,1568,225590,0
15,graph_traverse_mmap,cached,graph-seq.bin,200,4.62,4.56,0.05,99%,6475,0,2,33,6492,40,0
15,graph_traverse_mmap,cached,graph-rand.bin,200,4.67,4.61,0.06,99%,6474,0,1,30,6488,0,0
15,graph_traverse_mmap,no-cache,graph-seq.bin,200,4.86,4.61,0.18,98%,15994,1280,1284,36,6488,10544,0
15,graph_traverse_mmap,no-cache,graph-rand.bin,200,4.89,4.67,0.17,98%,15994,1280,1284,27,6492,10544,0
16,graph_traverse,cached,graph-seq.bin,10,3.01,0.81,2.19,99%,75,1,3,29,1568,48,0
16,graph_traverse,cached,graph-rand.bin,10,2.88,0.78,2.09,99%,74,0,1,24,1568,0,0
16,graph_traverse,no-cache,graph-seq.bin,1,11.62,0.30,1.90,18%,76,1,225283,2,1568,225590,0
16,graph_traverse,no-cache,graph-rand.bin,1,11.55,0.30,1.84,18%,74,1,225283,2,1568,225590,0
16,graph_traverse_mmap,cached,graph-seq.bin,200,4.54,4.48,0.05,99%,6475,0,2,34,6492,40,0
16,graph_traverse_mmap,cached,graph-rand.bin,200,4.53,4.47,0.05,99%,6475,0,1,35,6492,0,0
16,graph_traverse_mmap,no-cache,graph-seq.bin,200,4.76,4.49,0.18,98%,15995,1280,1284,34,6492,10544,0
16,graph_traverse_mmap,no-cache,graph-rand.bin,200,4.70,4.46,0.16,98%,15997,1280,1284,32,6492,10544,0
17,graph_traverse,cached,graph-seq.bin,10,2.79,0.80,1.98,99%,74,1,3,18,1568,48,0
17,graph_traverse,cached,graph-rand.bin,10,2.81,0.79,2.01,99%,75,0,1,20,1568,0,0
17,graph_traverse,no-cache,graph-seq.bin,1,11.51,0.30,1.85,18%,74,1,225283,0,1568,225590,0
17,graph_traverse,no-cache,graph-rand.bin,1,12.13,0.34,1.91,18%,75,1,225282,0,1568,225590,0
17,graph_traverse_mmap,cached,graph-seq.bin,200,5.27,5.20,0.06,99%,6475,0,2,43,6492,40,0
17,graph_traverse_mmap,cached,graph-rand.bin,200,4.64,4.56,0.07,99%,6476,0,1,49,6492,0,0
17,graph_traverse_mmap,no-cache,graph-seq.bin,200,4.86,4.62,0.16,98%,15994,1280,1284,50,6492,10544,0
17,graph_traverse_mmap,no-cache,graph-rand.bin,200,4.79,4.54,0.17,98%,15995,1280,1284,40,6492,10544,0
18,graph_traverse,cached,graph-seq.bin,10,2.79,0.77,2.01,99%,74,1,3,22,1568,48,0
18,graph_traverse,cached,graph-rand.bin,10,2.79,0.80,1.98,99%,76,0,1,20,1568,0,0
18,graph_traverse,no-cache,graph-seq.bin,1,11.57,0.32,1.82,18%,75,1,225283,2,1568,225590,0
18,graph_traverse,no-cache,graph-rand.bin,1,12.11,0.32,1.89,18%,76,1,225283,3,1568,225590,0
18,graph_traverse_mmap,cached,graph-seq.bin,200,4.74,4.68,0.06,99%,6475,0,2,33,6492,40,0
18,graph_traverse_mmap,cached,graph-rand.bin,200,4.58,4.52,0.06,99%,6476,0,1,34,6492,0,0
18,graph_traverse_mmap,no-cache,graph-seq.bin,200,4.98,4.75,0.17,98%,15997,1280,1284,33,6492,10544,0
18,graph_traverse_mmap,no-cache,graph-rand.bin,200,4.75,4.52,0.17,98%,15994,1280,1284,36,6492,10544,0
19,graph_traverse,cached,graph-seq.bin,10,2.76,0.81,1.95,99%,76,1,3,21,1568,48,0
19,graph_traverse,cached,graph-rand.bin,10,2.76,0.76,1.99,99%,74,0,1,21,1564,0,0
19,graph_traverse,no-cache,graph-seq.bin,1,11.39,0.30,1.82,18%,74,1,225282,3,1568,225590,0
19,graph_traverse,no-cache,graph-rand.bin,1,11.75,0.33,1.83,18%,75,1,225283,1,1568,225590,0
19,graph_traverse_mmap,cached,graph-seq.bin,200,4.62,4.55,0.06,99%,6474,0,2,32,6492,40,0
19,graph_traverse_mmap,cached,graph-rand.bin,200,4.63,4.58,0.05,99%,6475,0,1,33,6492,0,0
19,graph_traverse_mmap,no-cache,graph-seq.bin,200,4.88,4.64,0.17,98%,15995,1280,1284,37,6492,10544,0
19,graph_traverse_mmap,no-cache,graph-rand.bin,200,4.83,4.57,0.18,98%,15996,1280,1284,37,6492,10544,0
20,graph_traverse,cached,graph-seq.bin,10,2.78,0.73,2.05,100%,74,1,3,23,1568,48,0
20,graph_traverse,cached,graph-rand.bin,10,2.80,0.74,2.05,99%,75,0,1,21,1568,0,0
20,graph_traverse,no-cache,graph-seq.bin,1,11.45,0.30,1.83,18%,76,1,225283,0,1568,225590,0
20,graph_traverse,no-cache,graph-rand.bin,1,11.52,0.33,1.80,18%,75,1,225281,0,1568,225590,0
20,graph_traverse_mmap,cached,graph-seq.bin,200,4.67,4.59,0.08,99%,6475,0,2,32,6492,40,0
20,graph_traverse_mmap,cached,graph-rand.bin,200,4.65,4.58,0.06,99%,6475,0,1,36,6492,0,0
20,graph_traverse_mmap,no-cache,graph-seq.bin,200,4.87,4.62,0.18,98%,15997,1280,1284,35,6492,10544,0
20,graph_traverse_mmap,no-cache,graph-rand.bin,200,4.80,4.55,0.18,98%,15996,1280,1284,30,6492,10544,0
21,graph_traverse,cached,graph-seq.bin,10,2.74,0.75,1.98,99%,75,1,3,23,1568,48,0
21,graph_traverse,cached,graph-rand.bin,10,2.75,0.77,1.97,99%,76,0,1,26,1568,0,0
21,graph_traverse,no-cache,graph-seq.bin,1,11.41,0.38,1.75,18%,76,1,225283,1,1568,225590,0
21,graph_traverse,no-cache,graph-rand.bin,1,11.38,0.35,1.77,18%,76,1,225283,12,1568,225590,0
21,graph_traverse_mmap,cached,graph-seq.bin,200,4.70,4.64,0.06,99%,6475,0,2,36,6492,40,0
21,graph_traverse_mmap,cached,graph-rand.bin,200,4.63,4.57,0.05,99%,6475,0,1,29,6492,0,0
21,graph_traverse_mmap,no-cache,graph-seq.bin,200,4.82,4.57,0.19,98%,15995,1280,1283,33,6492,10288,0
21,graph_traverse_mmap,no-cache,graph-rand.bin,200,4.81,4.56,0.18,98%,15995,1280,1284,38,6492,10544,0
22,graph_traverse,cached,graph-seq.bin,10,2.74,0.77,1.97,100%,76,1,3,19,1568,48,0
22,graph_traverse,cached,graph-rand.bin,10,2.80,0.79,2.00,99%,75,0,1,24,1568,0,0
22,graph_traverse,no-cache,graph-seq.bin,1,11.39,0.30,1.83,18%,76,1,225283,0,1568,225590,0
22,graph_traverse,no-cache,graph-rand.bin,1,11.85,0.33,1.89,18%,76,1,225283,1,1568,225590,0
22,graph_traverse_mmap,cached,graph-seq.bin,200,4.64,4.56,0.07,99%,6474,0,2,35,6492,40,0
22,graph_traverse_mmap,cached,graph-rand.bin,200,4.59,4.53,0.06,99%,6475,0,1,36,6492,0,0
22,graph_traverse_mmap,no-cache,graph-seq.bin,200,4.78,4.53,0.18,98%,15996,1280,1284,30,6492,10544,0
22,graph_traverse_mmap,no-cache,graph-rand.bin,200,4.81,4.57,0.18,98%,15994,1280,1284,37,6492,10544,0
23,graph_traverse,cached,graph-seq.bin,10,2.76,0.76,2.00,99%,74,1,3,22,1568,48,0
23,graph_traverse,cached,graph-rand.bin,10,2.79,0.78,2.00,99%,75,0,1,27,1568,0,0
23,graph_traverse,no-cache,graph-seq.bin,1,11.46,0.32,1.82,18%,75,1,225281,2,1564,225590,0
23,graph_traverse,no-cache,graph-rand.bin,1,11.47,0.31,1.82,18%,75,1,225283,1,1568,225590,0
23,graph_traverse_mmap,cached,graph-seq.bin,200,4.64,4.59,0.05,99%,6475,0,2,38,6492,40,0
23,graph_traverse_mmap,cached,graph-rand.bin,200,4.58,4.52,0.06,99%,6475,0,1,29,6488,0,0
23,graph_traverse_mmap,no-cache,graph-seq.bin,200,4.76,4.51,0.18,98%,15995,1280,1284,33,6492,10544,0
23,graph_traverse_mmap,no-cache,graph-rand.bin,200,4.81,4.59,0.16,98%,15997,1280,1284,31,6492,10544,0
24,graph_traverse,cached,graph-seq.bin,10,2.83,0.80,2.03,99%,74,1,3,20,1568,48,0
24,graph_traverse,cached,graph-rand.bin,10,2.79,0.80,1.99,99%,76,0,1,25,1568,0,0
24,graph_traverse,no-cache,graph-seq.bin,1,11.42,0.35,1.79,18%,75,1,225283,0,1568,225590,0
24,graph_traverse,no-cache,graph-rand.bin,1,11.50,0.34,1.81,18%,75,1,225283,0,1568,225590,0
24,graph_traverse_mmap,cached,graph-seq.bin,200,4.64,4.58,0.06,99%,6475,0,2,28,6488,40,0
24,graph_traverse_mmap,cached,graph-rand.bin,200,4.61,4.55,0.05,99%,6475,0,1,37,6492,0,0
24,graph_traverse_mmap,no-cache,graph-seq.bin,200,4.94,4.66,0.17,97%,15996,1280,1284,37,6492,10544,0
24,graph_traverse_mmap,no-cache,graph-rand.bin,200,4.77,4.55,0.16,98%,15996,1280,1284,39,6492,10544,0
25,graph_traverse,cached,graph-seq.bin,10,2.76,0.75,2.01,99%,75,1,3,24,1568,48,0
25,graph_traverse,cached,graph-rand.bin,10,2.79,0.79,1.99,99%,75,0,1,26,1568,0,0
25,graph_traverse,no-cache,graph-seq.bin,1,11.61,0.32,1.87,18%,74,1,225283,0,1568,225590,0
25,graph_traverse,no-cache,graph-rand.bin,1,11.56,0.30,1.84,18%,75,1,225283,1,1568,225590,0
25,graph_traverse_mmap,cached,graph-seq.bin,200,4.62,4.56,0.05,99%,6476,0,2,33,6492,40,0
25,graph_traverse_mmap,cached,graph-rand.bin,200,4.67,4.61,0.05,99%,6476,0,1,31,6492,0,0
25,graph_traverse_mmap,no-cache,graph-seq.bin,200,4.85,4.61,0.17,98%,15995,1280,1284,37,6488,10544,0
25,graph_traverse_mmap,no-cache,graph-rand.bin,200,4.82,4.58,0.17,98%,15995,1280,1284,38,6492,10544,0
26,graph_traverse,cached,graph-seq.bin,10,2.80,0.80,1.99,99%,74,1,3,22,1568,48,0
26,graph_traverse,cached,graph-rand.bin,10,2.78,0.80,1.97,99%,75,0,1,22,1568,0,0
26,graph_traverse,no-cache,graph-seq.bin,1,11.40,0.33,1.80,18%,75,1,225283,0,1568,225590,0
26,graph_traverse,no-cache,graph-rand.bin,1,11.83,0.38,1.85,18%,75,1,225283,1,1568,225590,0
26,graph_traverse_mmap,cached,graph-seq.bin,200,4.65,4.60,0.05,99%,6475,0,2,34,6492,40,0
26,graph_traverse_mmap,cached,graph-rand.bin,200,4.63,4.58,0.05,99%,6476,0,1,34,6492,0,0
26,graph_traverse_mmap,no-cache,graph-seq.bin,200,4.86,4.62,0.18,98%,15995,1280,1284,30,6492,10544,0
26,graph_traverse_mmap,no-cache,graph-rand.bin,200,5.09,4.84,0.17,98%,15994,1280,1284,26,6492,10544,0
27,graph_traverse,cached,graph-seq.bin,10,3.06,0.83,2.22,99%,74,1,3,22,1568,48,0
27,graph_traverse,cached,graph-rand.bin,10,3.18,0.81,2.36,99%,75,0,1,20,1568,0,0
27,graph_traverse,no-cache,graph-seq.bin,1,12.23,0.34,2.00,19%,75,1,225282,3,1568,225590,0
27,graph_traverse,no-cache,graph-rand.bin,1,11.44,0.33,1.80,18%,75,1,225283,0,1568,225590,0
27,graph_traverse_mmap,cached,graph-seq.bin,200,4.63,4.57,0.05,99%,6477,0,2,36,6492,40,0
27,graph_traverse_mmap,cached,graph-rand.bin,200,4.65,4.58,0.06,99%,6476,0,1,35,6492,0,0
27,graph_traverse_mmap,no-cache,graph-seq.bin,200,4.97,4.61,0.18,96%,15996,1280,1284,51,6492,10544,0
27,graph_traverse_mmap,no-cache,graph-rand.bin,200,4.86,4.62,0.17,98%,15996,1280,1284,27,6492,10544,0
28,graph_traverse,cached,graph-seq.bin,10,2.80,0.80,2.00,99%,75,1,3,22,1568,48,0
28,graph_traverse,cached,graph-rand.bin,10,2.78,0.78,2.00,99%,75,0,1,21,1568,0,0
28,graph_traverse,no-cache,graph-seq.bin,1,11.43,0.31,1.83,18%,77,1,225282,0,1560,225334,0
28,graph_traverse,no-cache,graph-rand.bin,1,11.47,0.31,1.83,18%,74,1,225283,1,1568,225590,0
28,graph_traverse_mmap,cached,graph-seq.bin,200,4.69,4.61,0.07,99%,6476,0,2,35,6492,40,0
28,graph_traverse_mmap,cached,graph-rand.bin,200,4.60,4.53,0.06,99%,6476,0,1,29,6492,0,0
28,graph_traverse_mmap,no-cache,graph-seq.bin,200,4.90,4.65,0.18,98%,15995,1280,1284,38,6492,10544,0
28,graph_traverse_mmap,no-cache,graph-rand.bin,200,4.79,4.54,0.18,98%,15994,1280,1284,46,6492,10544,0
29,graph_traverse,cached,graph-seq.bin,10,2.75,0.76,1.99,99%,75,1,3,17,1568,48,0
29,graph_traverse,cached,graph-rand.bin,10,2.75,0.77,1.98,99%,74,0,1,21,1568,0,0
29,graph_traverse,no-cache,graph-seq.bin,1,11.43,0.38,1.77,18%,75,1,225283,0,1568,225590,0
29,graph_traverse,no-cache,graph-rand.bin,1,11.55,0.34,1.80,18%,77,1,225282,2,1568,225590,0
29,graph_traverse_mmap,cached,graph-seq.bin,200,4.59,4.52,0.06,99%,6476,0,2,37,6492,40,0
29,graph_traverse_mmap,cached,graph-rand.bin,200,4.64,4.56,0.07,99%,6476,0,1,30,6492,0,0
29,graph_traverse_mmap,no-cache,graph-seq.bin,200,4.79,4.54,0.19,98%,15994,1280,1284,40,6492,10544,0
29,graph_traverse_mmap,no-cache,graph-rand.bin,200,5.03,4.79,0.18,98%,15997,1280,1284,35,6492,10544,0
30,graph_traverse,cached,graph-seq.bin,10,2.97,0.80,2.16,99%,73,1,3,23,1568,48,0
30,graph_traverse,cached,graph-rand.bin,10,2.76,0.79,1.97,99%,75,0,1,17,1568,0,0
30,graph_traverse,no-cache,graph-seq.bin,1,11.47,0.33,1.81,18%,75,1,225281,2,1568,225590,0
30,graph_traverse,no-cache,graph-rand.bin,1,11.51,0.33,1.82,18%,75,1,225283,1,1568,225590,0
30,graph_traverse_mmap,cached,graph-seq.bin,200,4.63,4.56,0.05,99%,6476,0,2,53,6492,40,0
30,graph_traverse_mmap,cached,graph-rand.bin,200,4.57,4.52,0.05,99%,6475,0,1,33,6492,0,0
30,graph_traverse_mmap,no-cache,graph-seq.bin,200,4.87,4.64,0.16,98%,15995,1280,1284,34,6492,10544,0
30,graph_traverse_mmap,no-cache,graph-rand.bin,200,5.07,4.85,0.16,98%,15995,1280,1284,33,6492,10544,0
